Maturity (Y),SOFR Swap Rate
1,0.043
2,0.04131
3,0.04053
5,0.03965
7,0.039369999999999995
10,0.03936
15,0.03964
30,0.03771
